"id","origin","destination","created_at","updated_at","international"
345,"thr","gbt","2017-09-19 07:24:00.722476","2017-11-08 08:18:00.690935",f
346,"thr","adu","2017-09-19 07:24:00.728774","2017-11-08 08:18:00.696999",f
347,"mhd","ksh","2017-09-19 07:24:00.742901","2017-11-08 08:18:00.702255",f
348,"mhd","buz","2017-09-19 07:24:00.7478","2017-11-08 08:18:00.707984",f
349,"mhd","gbt","2017-09-19 07:24:00.752833","2017-11-08 08:18:00.714444",f
351,"kih","ksh","2017-09-19 07:24:00.77565","2017-11-08 08:18:00.741077",f
352,"kih","buz","2017-09-19 07:24:00.780321","2017-11-08 08:18:00.760899",f
353,"kih","gbt","2017-09-19 07:24:00.788704","2017-11-08 08:18:00.772711",f
354,"kih","adu","2017-09-19 07:24:00.797899","2017-11-08 08:18:00.781909",f
355,"syz","ksh","2017-09-19 07:24:00.812208","2017-11-08 08:18:00.796703",f
357,"syz","gbt","2017-09-19 07:24:00.823982","2017-11-08 08:18:00.816719",f
358,"syz","adu","2017-09-19 07:24:00.829138","2017-11-08 08:18:00.826911",f
359,"ifn","ksh","2017-09-19 07:24:00.842862","2017-11-08 08:18:00.838832",f
360,"ifn","buz","2017-09-19 07:24:00.848511","2017-11-08 08:18:00.845756",f
362,"ifn","adu","2017-09-19 07:24:00.862319","2017-11-08 08:18:00.859561",f
363,"abd","ksh","2017-09-19 07:24:00.876882","2017-11-08 08:18:00.867849",f
364,"abd","buz","2017-09-19 07:24:00.882286","2017-11-08 08:18:00.874675",f
365,"abd","gbt","2017-09-19 07:24:00.890492","2017-11-08 08:18:00.881588",f
366,"abd","adu","2017-09-19 07:24:00.896594","2017-11-08 08:18:00.889145",f
368,"awz","buz","2017-09-19 07:24:00.916947","2017-11-08 08:18:00.902296",f
369,"awz","gbt","2017-09-19 07:24:00.924501","2017-11-08 08:18:00.907795",f
370,"awz","adu","2017-09-19 07:24:00.934103","2017-11-08 08:18:00.913132",f
371,"tbz","ksh","2017-09-19 07:24:00.951537","2017-11-08 08:18:00.921112",f
372,"tbz","buz","2017-09-19 07:24:00.958357","2017-11-08 08:18:00.92653",f
374,"tbz","adu","2017-09-19 07:24:00.969526","2017-11-08 08:18:00.941973",f
375,"bnd","ksh","2017-09-19 07:24:00.983124","2017-11-08 08:18:00.948527",f
376,"bnd","buz","2017-09-19 07:24:00.989354","2017-11-08 08:18:00.956624",f
377,"bnd","gbt","2017-09-19 07:24:00.994837","2017-11-08 08:18:00.963367",f
379,"zbr","ksh","2017-09-19 07:24:01.031008","2017-11-08 08:18:00.976796",f
380,"zbr","buz","2017-09-19 07:24:01.039908","2017-11-08 08:18:00.982656",f
381,"zbr","gbt","2017-09-19 07:24:01.047176","2017-11-08 08:18:00.991704",f
382,"zbr","adu","2017-09-19 07:24:01.052928","2017-11-08 08:18:01.007537",f
383,"rzr","ksh","2017-09-19 07:24:01.068715","2017-11-08 08:18:01.019874",f
385,"rzr","gbt","2017-09-19 07:24:01.079099","2017-11-08 08:18:01.033399",f
386,"rzr","adu","2017-09-19 07:24:01.083968","2017-11-08 08:18:01.039558",f
387,"ras","ksh","2017-09-19 07:24:01.10104","2017-11-08 08:18:01.047192",f
388,"ras","buz","2017-09-19 07:24:01.105488","2017-11-08 08:18:01.05553",f
389,"ras","gbt","2017-09-19 07:24:01.110133","2017-11-08 08:18:01.062093",f
391,"zah","ksh","2017-09-19 07:24:01.12823","2017-11-08 08:18:01.076396",f
392,"zah","buz","2017-09-19 07:24:01.13414","2017-11-08 08:18:01.085936",f
393,"zah","gbt","2017-09-19 07:24:01.139805","2017-11-08 08:18:01.092576",f
394,"zah","adu","2017-09-19 07:24:01.147395","2017-11-08 08:18:01.099339",f
396,"sry","buz","2017-09-19 07:24:01.166561","2017-11-08 08:18:01.113343",f
397,"sry","gbt","2017-09-19 07:24:01.17235","2017-11-08 08:18:01.121488",f
398,"sry","adu","2017-09-19 07:24:01.177941","2017-11-08 08:18:01.127066",f
1,"thr","mhd","2017-07-31 06:22:39.290831","2017-11-08 08:18:01.1334",f
2,"thr","kih","2017-07-31 06:22:39.290831","2017-11-08 08:18:01.139467",f
4,"thr","ifn","2017-07-31 06:22:39.290831","2017-11-08 08:18:01.155696",f
5,"thr","tbz","2017-07-31 06:22:39.290831","2017-11-08 08:18:01.161557",f
6,"thr","abd","2017-07-31 06:22:39.290831","2017-11-08 08:18:01.168245",f
7,"thr","awz","2017-07-31 06:22:39.290831","2017-11-08 08:18:01.174965",f
8,"mhd","thr","2017-07-31 06:22:39.290831","2017-11-08 08:18:01.18215",f
10,"mhd","syz","2017-07-31 06:22:39.290831","2017-11-08 08:18:01.196815",f
11,"mhd","ifn","2017-07-31 06:22:39.290831","2017-11-08 08:18:01.202575",f
12,"mhd","tbz","2017-07-31 06:22:39.290831","2017-11-08 08:18:01.208689",f
13,"mhd","abd","2017-07-31 06:22:39.290831","2017-11-08 08:18:01.215925",f
15,"kih","thr","2017-07-31 06:22:39.290831","2017-11-08 08:18:01.232013",f
16,"kih","mhd","2017-07-31 06:22:39.290831","2017-11-08 08:18:01.239099",f
17,"kih","syz","2017-07-31 06:22:39.290831","2017-11-08 08:18:01.247652",f
18,"kih","ifn","2017-07-31 06:22:39.290831","2017-11-08 08:18:01.25672",f
19,"kih","tbz","2017-07-31 06:22:39.290831","2017-11-08 08:18:01.273519",f
21,"kih","awz","2017-07-31 06:22:39.290831","2017-11-08 08:18:01.30865",f
22,"syz","thr","2017-07-31 06:22:39.290831","2017-11-08 08:18:01.318992",f
23,"syz","mhd","2017-07-31 06:22:39.290831","2017-11-08 08:18:01.326723",f
24,"syz","kih","2017-07-31 06:22:39.290831","2017-11-08 08:18:01.33327",f
25,"syz","ifn","2017-07-31 06:22:39.290831","2017-11-08 08:18:01.339656",f
27,"syz","abd","2017-07-31 06:22:39.290831","2017-11-08 08:18:01.355622",f
28,"syz","awz","2017-07-31 06:22:39.290831","2017-11-08 08:18:01.364474",f
29,"ifn","thr","2017-07-31 06:22:39.290831","2017-11-08 08:18:01.371091",f
30,"ifn","mhd","2017-07-31 06:22:39.290831","2017-11-08 08:18:01.376654",f
32,"ifn","syz","2017-07-31 06:22:39.290831","2017-11-08 08:18:01.391823",f
33,"ifn","tbz","2017-07-31 06:22:39.290831","2017-11-08 08:18:01.403433",f
34,"ifn","abd","2017-07-31 06:22:39.290831","2017-11-08 08:18:01.411785",f
35,"ifn","awz","2017-07-31 06:22:39.290831","2017-11-08 08:18:01.419759",f
36,"tbz","thr","2017-07-31 06:22:39.290831","2017-11-08 08:18:01.425212",f
38,"tbz","kih","2017-07-31 06:22:39.290831","2017-11-08 08:18:01.438228",f
39,"tbz","syz","2017-07-31 06:22:39.290831","2017-11-08 08:18:01.44363",f
40,"tbz","ifn","2017-07-31 06:22:39.290831","2017-11-08 08:18:01.449772",f
41,"tbz","abd","2017-07-31 06:22:39.290831","2017-11-08 08:18:01.455887",f
42,"tbz","awz","2017-07-31 06:22:39.290831","2017-11-08 08:18:01.461516",f
44,"abd","mhd","2017-07-31 06:22:39.290831","2017-11-08 08:18:01.474769",f
45,"abd","kih","2017-07-31 06:22:39.290831","2017-11-08 08:18:01.484701",f
46,"abd","syz","2017-07-31 06:22:39.290831","2017-11-08 08:18:01.491763",f
47,"abd","ifn","2017-07-31 06:22:39.290831","2017-11-08 08:18:01.507075",f
49,"abd","awz","2017-07-31 06:22:39.290831","2017-11-08 08:18:01.525684",f
50,"awz","thr","2017-07-31 06:22:39.290831","2017-11-08 08:18:01.532249",f
51,"awz","mhd","2017-07-31 06:22:39.290831","2017-11-08 08:18:01.53941",f
52,"awz","kih","2017-07-31 06:22:39.290831","2017-11-08 08:18:01.545564",f
53,"awz","syz","2017-07-31 06:22:39.290831","2017-11-08 08:18:01.553245",f
55,"awz","tbz","2017-07-31 06:22:39.290831","2017-11-08 08:18:01.56652",f
56,"awz","abd","2017-07-31 06:22:39.290831","2017-11-08 08:18:01.575224",f
399,"gsm","ksh","2017-09-19 07:24:01.192558","2017-11-08 08:18:01.582334",f
400,"gsm","buz","2017-09-19 07:24:01.198143","2017-11-08 08:18:01.589775",f
401,"gsm","gbt","2017-09-19 07:24:01.2141","2017-11-08 08:18:01.596105",f
403,"ker","ksh","2017-09-19 07:24:01.237975","2017-11-08 08:18:01.621704",f
404,"ker","buz","2017-09-19 07:24:01.243191","2017-11-08 08:18:01.628611",f
405,"ker","gbt","2017-09-19 07:24:01.24854","2017-11-08 08:18:01.637032",f
406,"ker","adu","2017-09-19 07:24:01.255948","2017-11-08 08:18:01.645121",f
408,"azd","buz","2017-09-19 07:24:01.272618","2017-11-08 08:18:01.659838",f
409,"azd","gbt","2017-09-19 07:24:01.277226","2017-11-08 08:18:01.668749",f
410,"azd","adu","2017-09-19 07:24:01.281514","2017-11-08 08:18:01.675297",f
411,"ksh","thr","2017-09-19 07:24:01.287308","2017-11-08 08:18:01.682109",f
412,"ksh","mhd","2017-09-19 07:24:01.293016","2017-11-08 08:18:01.689198",f
414,"ksh","syz","2017-09-19 07:24:01.303282","2017-11-08 08:18:01.704319",f
415,"ksh","ifn","2017-09-19 07:24:01.312262","2017-11-08 08:18:01.710624",f
416,"ksh","abd","2017-09-19 07:24:01.31772","2017-11-08 08:18:01.717151",f
417,"ksh","awz","2017-09-19 07:24:01.322849","2017-11-08 08:18:01.724247",f
418,"ksh","tbz","2017-09-19 07:24:01.328103","2017-11-08 08:18:01.729641",f
420,"ksh","zbr","2017-09-19 07:24:01.347676","2017-11-08 08:18:01.743435",f
421,"ksh","rzr","2017-09-19 07:24:01.353333","2017-11-08 08:18:01.749147",f
422,"ksh","ras","2017-09-19 07:24:01.358746","2017-11-08 08:18:01.75585",f
425,"ksh","gsm","2017-09-19 07:24:01.374932","2017-11-08 08:18:01.774091",f
426,"ksh","ker","2017-09-19 07:24:01.380545","2017-11-08 08:18:01.780132",f
427,"ksh","azd","2017-09-19 07:24:01.386726","2017-11-08 08:18:01.786236",f
428,"ksh","buz","2017-09-19 07:24:01.39297","2017-11-08 08:18:01.79184",f
429,"ksh","gbt","2017-09-19 07:24:01.398182","2017-11-08 08:18:01.796658",f
431,"buz","thr","2017-09-19 07:24:01.409407","2017-11-08 08:18:01.809689",f
432,"buz","mhd","2017-09-19 07:24:01.414895","2017-11-08 08:18:01.815437",f
433,"buz","kih","2017-09-19 07:24:01.422004","2017-11-08 08:18:01.821616",f
434,"buz","syz","2017-09-19 07:24:01.427724","2017-11-08 08:18:01.828556",f
435,"buz","ifn","2017-09-19 07:24:01.432966","2017-11-08 08:18:01.838282",f
437,"buz","awz","2017-09-19 07:24:01.444489","2017-11-08 08:18:01.853537",f
438,"buz","tbz","2017-09-19 07:24:01.450353","2017-11-08 08:18:01.86002",f
439,"buz","bnd","2017-09-19 07:24:01.456444","2017-11-08 08:18:01.86633",f
440,"buz","zbr","2017-09-19 07:24:01.461237","2017-11-08 08:18:01.874704",f
442,"buz","ras","2017-09-19 07:24:01.470226","2017-11-08 08:18:01.888009",f
443,"buz","zah","2017-09-19 07:24:01.475335","2017-11-08 08:18:01.89456",f
444,"buz","sry","2017-09-19 07:24:01.480068","2017-11-08 08:18:01.902804",f
445,"buz","gsm","2017-09-19 07:24:01.485647","2017-11-08 08:18:01.909109",f
446,"buz","ker","2017-09-19 07:24:01.490863","2017-11-08 08:18:01.915787",f
448,"buz","ksh","2017-09-19 07:24:01.499979","2017-11-08 08:18:01.929012",f
449,"buz","gbt","2017-09-19 07:24:01.505565","2017-11-08 08:18:01.93591",f
450,"buz","adu","2017-09-19 07:24:01.51039","2017-11-08 08:18:01.94301",f
451,"gbt","thr","2017-09-19 07:24:01.514897","2017-11-08 08:18:01.948843",f
452,"gbt","mhd","2017-09-19 07:24:01.519681","2017-11-08 08:18:01.955059",f
454,"gbt","syz","2017-09-19 07:24:01.52883","2017-11-08 08:18:01.966133",f
455,"gbt","ifn","2017-09-19 07:24:01.533155","2017-11-08 08:18:01.974432",f
456,"gbt","abd","2017-09-19 07:24:01.538988","2017-11-08 08:18:01.980085",f
93,"thr","bnd","2017-09-10 14:33:57.903049","2017-11-08 08:18:01.987476",f
95,"thr","rzr","2017-09-10 14:33:57.915584","2017-11-08 08:18:02.002694",f
96,"thr","ras","2017-09-10 14:33:57.92115","2017-11-08 08:18:02.008996",f
97,"thr","zah","2017-09-10 14:33:57.927354","2017-11-08 08:18:02.015503",f
98,"thr","sry","2017-09-10 14:33:57.933524","2017-11-08 08:18:02.022669",f
99,"thr","pgu","2017-09-10 14:33:57.938847","2017-11-08 08:18:02.028892",f
101,"thr","ker","2017-09-10 14:33:57.95124","2017-11-08 08:18:02.044245",f
102,"thr","azd","2017-09-10 14:33:57.958224","2017-11-08 08:18:02.051587",f
103,"mhd","bnd","2017-09-10 14:33:57.967685","2017-11-08 08:18:02.0589",f
104,"mhd","zbr","2017-09-10 14:33:57.97218","2017-11-08 08:18:02.065136",f
105,"mhd","rzr","2017-09-10 14:33:57.976553","2017-11-08 08:18:02.072423",f
107,"mhd","zah","2017-09-10 14:33:57.989289","2017-11-08 08:18:02.086603",f
108,"mhd","sry","2017-09-10 14:33:57.994883","2017-11-08 08:18:02.093276",f
109,"mhd","pgu","2017-09-10 14:33:58.0053","2017-11-08 08:18:02.099298",f
110,"mhd","gsm","2017-09-10 14:33:58.011066","2017-11-08 08:18:02.107892",f
112,"mhd","azd","2017-09-10 14:33:58.024557","2017-11-08 08:18:02.121951",f
113,"kih","bnd","2017-09-10 14:33:58.034115","2017-11-08 08:18:02.12962",f
114,"kih","zbr","2017-09-10 14:33:58.03968","2017-11-08 08:18:02.138542",f
115,"kih","rzr","2017-09-10 14:33:58.053556","2017-11-08 08:18:02.145107",f
116,"kih","ras","2017-09-10 14:33:58.062249","2017-11-08 08:18:02.153677",f
118,"kih","sry","2017-09-10 14:33:58.073999","2017-11-08 08:18:02.169145",f
119,"kih","pgu","2017-09-10 14:33:58.078351","2017-11-08 08:18:02.17587",f
120,"kih","gsm","2017-09-10 14:33:58.083259","2017-11-08 08:18:02.182583",f
121,"kih","ker","2017-09-10 14:33:58.08783","2017-11-08 08:18:02.189686",f
122,"kih","azd","2017-09-10 14:33:58.093359","2017-11-08 08:18:02.195882",f
124,"syz","zbr","2017-09-10 14:33:58.107128","2017-11-08 08:18:02.20919",f
125,"syz","rzr","2017-09-10 14:33:58.111795","2017-11-08 08:18:02.2151",f
126,"syz","ras","2017-09-10 14:33:58.116851","2017-11-08 08:18:02.220791",f
127,"syz","zah","2017-09-10 14:33:58.121585","2017-11-08 08:18:02.227253",f
129,"syz","pgu","2017-09-10 14:33:58.131754","2017-11-08 08:18:02.2409",f
130,"syz","gsm","2017-09-10 14:33:58.13956","2017-11-08 08:18:02.246902",f
131,"syz","ker","2017-09-10 14:33:58.145227","2017-11-08 08:18:02.260948",f
132,"syz","azd","2017-09-10 14:33:58.151234","2017-11-08 08:18:02.283365",f
133,"ifn","bnd","2017-09-10 14:33:58.161495","2017-11-08 08:18:02.288653",f
135,"ifn","rzr","2017-09-10 14:33:58.174592","2017-11-08 08:18:02.3048",f
136,"ifn","ras","2017-09-10 14:33:58.179898","2017-11-08 08:18:02.310801",f
137,"ifn","zah","2017-09-10 14:33:58.186642","2017-11-08 08:18:02.316742",f
138,"ifn","sry","2017-09-10 14:33:58.194127","2017-11-08 08:18:02.322604",f
139,"ifn","pgu","2017-09-10 14:33:58.199457","2017-11-08 08:18:02.329048",f
141,"ifn","ker","2017-09-10 14:33:58.213356","2017-11-08 08:18:02.344311",f
142,"ifn","azd","2017-09-10 14:33:58.219516","2017-11-08 08:18:02.350193",f
143,"abd","bnd","2017-09-10 14:33:58.239033","2017-11-08 08:18:02.355966",f
144,"abd","zbr","2017-09-10 14:33:58.24498","2017-11-08 08:18:02.370185",f
146,"abd","ras","2017-09-10 14:33:58.257378","2017-11-08 08:18:02.38247",f
147,"abd","zah","2017-09-10 14:33:58.262912","2017-11-08 08:18:02.390909",f
148,"abd","sry","2017-09-10 14:33:58.267802","2017-11-08 08:18:02.397408",f
149,"abd","pgu","2017-09-10 14:33:58.274687","2017-11-08 08:18:02.40465",f
150,"abd","gsm","2017-09-10 14:33:58.279262","2017-11-08 08:18:02.409607",f
152,"abd","azd","2017-09-10 14:33:58.295899","2017-11-08 08:18:02.422021",f
153,"awz","bnd","2017-09-10 14:33:58.311305","2017-11-08 08:18:02.427109",f
154,"awz","zbr","2017-09-10 14:33:58.316949","2017-11-08 08:18:02.433195",f
155,"awz","rzr","2017-09-10 14:33:58.321913","2017-11-08 08:18:02.439007",f
156,"awz","ras","2017-09-10 14:33:58.328284","2017-11-08 08:18:02.444295",f
158,"awz","sry","2017-09-10 14:33:58.343426","2017-11-08 08:18:02.45762",f
159,"awz","pgu","2017-09-10 14:33:58.348421","2017-11-08 08:18:02.463448",f
160,"awz","gsm","2017-09-10 14:33:58.353676","2017-11-08 08:18:02.469989",f
161,"awz","ker","2017-09-10 14:33:58.359965","2017-11-08 08:18:02.475445",f
163,"tbz","bnd","2017-09-10 14:33:58.383725","2017-11-08 08:18:02.488323",f
164,"tbz","zbr","2017-09-10 14:33:58.389716","2017-11-08 08:18:02.493694",f
165,"tbz","rzr","2017-09-10 14:33:58.396067","2017-11-08 08:18:02.500468",f
166,"tbz","ras","2017-09-10 14:33:58.402293","2017-11-08 08:18:02.507469",f
167,"tbz","zah","2017-09-10 14:33:58.409893","2017-11-08 08:18:02.520952",f
169,"tbz","pgu","2017-09-10 14:33:58.421614","2017-11-08 08:18:02.53777",f
170,"tbz","gsm","2017-09-10 14:33:58.426935","2017-11-08 08:18:02.543899",f
171,"tbz","ker","2017-09-10 14:33:58.432721","2017-11-08 08:18:02.550009",f
172,"tbz","azd","2017-09-10 14:33:58.438895","2017-11-08 08:18:02.558674",f
173,"bnd","thr","2017-09-10 14:33:58.445215","2017-11-08 08:18:02.566551",f
175,"bnd","kih","2017-09-10 14:33:58.46131","2017-11-08 08:18:02.580972",f
176,"bnd","syz","2017-09-10 14:33:58.46855","2017-11-08 08:18:02.589553",f
177,"bnd","ifn","2017-09-10 14:33:58.475198","2017-11-08 08:18:02.59725",f
178,"bnd","abd","2017-09-10 14:33:58.480167","2017-11-08 08:18:02.605249",f
180,"bnd","tbz","2017-09-10 14:33:58.491078","2017-11-08 08:18:02.621853",f
181,"bnd","zbr","2017-09-10 14:33:58.496373","2017-11-08 08:18:02.640443",f
182,"bnd","rzr","2017-09-10 14:33:58.501394","2017-11-08 08:18:02.654523",f
183,"bnd","ras","2017-09-10 14:33:58.506701","2017-11-08 08:18:02.661273",f
184,"bnd","zah","2017-09-10 14:33:58.511319","2017-11-08 08:18:02.667913",f
186,"bnd","pgu","2017-09-10 14:33:58.521971","2017-11-08 08:18:02.681031",f
187,"bnd","gsm","2017-09-10 14:33:58.527211","2017-11-08 08:18:02.688935",f
188,"bnd","ker","2017-09-10 14:33:58.532809","2017-11-08 08:18:02.694841",f
189,"bnd","azd","2017-09-10 14:33:58.538386","2017-11-08 08:18:02.701632",f
190,"zbr","thr","2017-09-10 14:33:58.543375","2017-11-08 08:18:02.706878",f
192,"zbr","kih","2017-09-10 14:33:58.554144","2017-11-08 08:18:02.72099",f
193,"zbr","syz","2017-09-10 14:33:58.559462","2017-11-08 08:18:02.726156",f
194,"zbr","ifn","2017-09-10 14:33:58.57376","2017-11-08 08:18:02.731866",f
197,"zbr","tbz","2017-09-10 14:33:58.63132","2017-11-08 08:18:02.753033",f
198,"zbr","bnd","2017-09-10 14:33:58.650406","2017-11-08 08:18:02.759507",f
199,"zbr","rzr","2017-09-10 14:33:58.672408","2017-11-08 08:18:02.765718",f
200,"zbr","ras","2017-09-10 14:33:58.690084","2017-11-08 08:18:02.77179",f
201,"zbr","zah","2017-09-10 14:33:58.715955","2017-11-08 08:18:02.778358",f
203,"zbr","pgu","2017-09-10 14:33:58.756914","2017-11-08 08:18:02.794048",f
204,"zbr","gsm","2017-09-10 14:33:58.782409","2017-11-08 08:18:02.800288",f
205,"zbr","ker","2017-09-10 14:33:58.804924","2017-11-08 08:18:02.806459",f
206,"zbr","azd","2017-09-10 14:33:58.81708","2017-11-08 08:18:02.814073",f
207,"rzr","thr","2017-09-10 14:33:58.825462","2017-11-08 08:18:02.82158",f
209,"rzr","kih","2017-09-10 14:33:58.844882","2017-11-08 08:18:02.833171",f
210,"rzr","syz","2017-09-10 14:33:58.8508","2017-11-08 08:18:02.838942",f
211,"rzr","ifn","2017-09-10 14:33:58.855686","2017-11-08 08:18:02.845856",f
212,"rzr","abd","2017-09-10 14:33:58.863146","2017-11-08 08:18:02.853377",f
214,"rzr","tbz","2017-09-10 14:33:58.872389","2017-11-08 08:18:02.864548",f
215,"rzr","bnd","2017-09-10 14:33:58.881192","2017-11-08 08:18:02.870038",f
216,"rzr","zbr","2017-09-10 14:33:58.886175","2017-11-08 08:18:02.875717",f
217,"rzr","ras","2017-09-10 14:33:58.896199","2017-11-08 08:18:02.88242",f
218,"rzr","zah","2017-09-10 14:33:58.900975","2017-11-08 08:18:02.890454",f
220,"rzr","pgu","2017-09-10 14:33:58.915454","2017-11-08 08:18:02.901408",f
221,"rzr","gsm","2017-09-10 14:33:58.920833","2017-11-08 08:18:02.906646",f
222,"rzr","ker","2017-09-10 14:33:58.929577","2017-11-08 08:18:02.913158",f
223,"rzr","azd","2017-09-10 14:33:58.935899","2017-11-08 08:18:02.921294",f
224,"ras","thr","2017-09-10 14:33:58.94174","2017-11-08 08:18:02.92677",f
226,"ras","kih","2017-09-10 14:33:58.95624","2017-11-08 08:18:02.938381",f
227,"ras","syz","2017-09-10 14:33:58.96178","2017-11-08 08:18:02.945596",f
228,"ras","ifn","2017-09-10 14:33:58.968427","2017-11-08 08:18:02.954448",f
229,"ras","abd","2017-09-10 14:33:58.974021","2017-11-08 08:18:02.96099",f
231,"ras","tbz","2017-09-10 14:33:58.985866","2017-11-08 08:18:02.9738",f
232,"ras","bnd","2017-09-10 14:33:58.991818","2017-11-08 08:18:02.980932",f
233,"ras","zbr","2017-09-10 14:33:58.997295","2017-11-08 08:18:02.988339",f
234,"ras","rzr","2017-09-10 14:33:59.002777","2017-11-08 08:18:02.994024",f
235,"ras","zah","2017-09-10 14:33:59.008428","2017-11-08 08:18:03.00003",f
237,"ras","pgu","2017-09-10 14:33:59.020193","2017-11-08 08:18:03.012542",f
238,"ras","gsm","2017-09-10 14:33:59.025778","2017-11-08 08:18:03.021332",f
239,"ras","ker","2017-09-10 14:33:59.030195","2017-11-08 08:18:03.027484",f
240,"ras","azd","2017-09-10 14:33:59.034791","2017-11-08 08:18:03.033699",f
241,"zah","thr","2017-09-10 14:33:59.04686","2017-11-08 08:18:03.040126",f
243,"zah","kih","2017-09-10 14:33:59.082426","2017-11-08 08:18:03.054919",f
244,"zah","syz","2017-09-10 14:33:59.098479","2017-11-08 08:18:03.060243",f
245,"zah","ifn","2017-09-10 14:33:59.117743","2017-11-08 08:18:03.065797",f
246,"zah","abd","2017-09-10 14:33:59.135088","2017-11-08 08:18:03.070873",f
248,"zah","tbz","2017-09-10 14:33:59.161604","2017-11-08 08:18:03.083688",f
249,"zah","bnd","2017-09-10 14:33:59.169041","2017-11-08 08:18:03.091607",f
250,"zah","zbr","2017-09-10 14:33:59.175933","2017-11-08 08:18:03.097545",f
251,"zah","rzr","2017-09-10 14:33:59.183524","2017-11-08 08:18:03.102705",f
252,"zah","ras","2017-09-10 14:33:59.191892","2017-11-08 08:18:03.108693",f
254,"zah","pgu","2017-09-10 14:33:59.207536","2017-11-08 08:18:03.121816",f
255,"zah","gsm","2017-09-10 14:33:59.216025","2017-11-08 08:18:03.133632",f
256,"zah","ker","2017-09-10 14:33:59.224964","2017-11-08 08:18:03.14208",f
257,"zah","azd","2017-09-10 14:33:59.234008","2017-11-08 08:18:03.149834",f
258,"sry","thr","2017-09-10 14:33:59.242521","2017-11-08 08:18:03.158669",f
260,"sry","kih","2017-09-10 14:33:59.259434","2017-11-08 08:18:03.171573",f
261,"sry","syz","2017-09-10 14:33:59.267832","2017-11-08 08:18:03.189932",f
262,"sry","ifn","2017-09-10 14:33:59.276652","2017-11-08 08:18:03.196676",f
263,"sry","abd","2017-09-10 14:33:59.2854","2017-11-08 08:18:03.203058",f
265,"sry","tbz","2017-09-10 14:33:59.301641","2017-11-08 08:18:03.219006",f
266,"sry","bnd","2017-09-10 14:33:59.313382","2017-11-08 08:18:03.225464",f
267,"sry","zbr","2017-09-10 14:33:59.322654","2017-11-08 08:18:03.232151",f
268,"sry","rzr","2017-09-10 14:33:59.331216","2017-11-08 08:18:03.238496",f
269,"sry","ras","2017-09-10 14:33:59.338681","2017-11-08 08:18:03.245759",f
271,"sry","pgu","2017-09-10 14:33:59.350875","2017-11-08 08:18:03.261457",f
272,"sry","gsm","2017-09-10 14:33:59.356135","2017-11-08 08:18:03.268328",f
273,"sry","ker","2017-09-10 14:33:59.360579","2017-11-08 08:18:03.274368",f
274,"sry","azd","2017-09-10 14:33:59.365505","2017-11-08 08:18:03.281002",f
275,"pgu","thr","2017-09-10 14:33:59.370683","2017-11-08 08:18:03.288413",f
277,"pgu","kih","2017-09-10 14:33:59.380067","2017-11-08 08:18:03.298861",f
278,"pgu","syz","2017-09-10 14:33:59.384615","2017-11-08 08:18:03.303844",f
279,"pgu","ifn","2017-09-10 14:33:59.393877","2017-11-08 08:18:03.308986",f
280,"pgu","abd","2017-09-10 14:33:59.399482","2017-11-08 08:18:03.315765",f
282,"pgu","tbz","2017-09-10 14:33:59.40914","2017-11-08 08:18:03.329148",f
283,"pgu","bnd","2017-09-10 14:33:59.413314","2017-11-08 08:18:03.335116",f
284,"pgu","zbr","2017-09-10 14:33:59.417801","2017-11-08 08:18:03.340382",f
285,"pgu","rzr","2017-09-10 14:33:59.421818","2017-11-08 08:18:03.346759",f
286,"pgu","ras","2017-09-10 14:33:59.426089","2017-11-08 08:18:03.354827",f
288,"pgu","sry","2017-09-10 14:33:59.439506","2017-11-08 08:18:03.368253",f
289,"pgu","gsm","2017-09-10 14:33:59.445513","2017-11-08 08:18:03.373427",f
290,"pgu","ker","2017-09-10 14:33:59.450852","2017-11-08 08:18:03.380657",f
291,"pgu","azd","2017-09-10 14:33:59.456031","2017-11-08 08:18:03.388734",f
292,"gsm","thr","2017-09-10 14:33:59.461223","2017-11-08 08:18:03.39508",f
294,"gsm","kih","2017-09-10 14:33:59.472764","2017-11-08 08:18:03.40881",f
295,"gsm","syz","2017-09-10 14:33:59.478131","2017-11-08 08:18:03.41581",f
296,"gsm","ifn","2017-09-10 14:33:59.483865","2017-11-08 08:18:03.424915",f
297,"gsm","abd","2017-09-10 14:33:59.489486","2017-11-08 08:18:03.431981",f
299,"gsm","tbz","2017-09-10 14:33:59.499659","2017-11-08 08:18:03.44546",f
300,"gsm","bnd","2017-09-10 14:33:59.504625","2017-11-08 08:18:03.454959",f
301,"gsm","zbr","2017-09-10 14:33:59.509021","2017-11-08 08:18:03.461327",f
302,"gsm","rzr","2017-09-10 14:33:59.513273","2017-11-08 08:18:03.468398",f
303,"gsm","ras","2017-09-10 14:33:59.51776","2017-11-08 08:18:03.474547",f
305,"gsm","sry","2017-09-10 14:33:59.526111","2017-11-08 08:18:03.491372",f
306,"gsm","pgu","2017-09-10 14:33:59.530718","2017-11-08 08:18:03.49738",f
307,"gsm","ker","2017-09-10 14:33:59.535903","2017-11-08 08:18:03.50277",f
308,"gsm","azd","2017-09-10 14:33:59.540846","2017-11-08 08:18:03.508192",f
309,"ker","thr","2017-09-10 14:33:59.545089","2017-11-08 08:18:03.514655",f
311,"ker","kih","2017-09-10 14:33:59.553777","2017-11-08 08:18:03.527573",f
312,"ker","syz","2017-09-10 14:33:59.559084","2017-11-08 08:18:03.533138",f
313,"ker","ifn","2017-09-10 14:33:59.564674","2017-11-08 08:18:03.538245",f
314,"ker","abd","2017-09-10 14:33:59.570692","2017-11-08 08:18:03.544119",f
316,"ker","tbz","2017-09-10 14:33:59.582665","2017-11-08 08:18:03.558447",f
317,"ker","bnd","2017-09-10 14:33:59.588034","2017-11-08 08:18:03.564349",f
318,"ker","zbr","2017-09-10 14:33:59.593576","2017-11-08 08:18:03.569595",f
319,"ker","rzr","2017-09-10 14:33:59.609677","2017-11-08 08:18:03.574974",f
320,"ker","ras","2017-09-10 14:33:59.620236","2017-11-08 08:18:03.5816",f
322,"ker","sry","2017-09-10 14:33:59.638264","2017-11-08 08:18:03.595944",f
323,"ker","pgu","2017-09-10 14:33:59.646733","2017-11-08 08:18:03.60275",f
324,"ker","gsm","2017-09-10 14:33:59.65319","2017-11-08 08:18:03.608974",f
325,"ker","azd","2017-09-10 14:33:59.659867","2017-11-08 08:18:03.615942",f
326,"azd","thr","2017-09-10 14:33:59.666028","2017-11-08 08:18:03.624789",f
328,"azd","kih","2017-09-10 14:33:59.677094","2017-11-08 08:18:03.637725",f
329,"azd","syz","2017-09-10 14:33:59.681824","2017-11-08 08:18:03.653342",f
330,"azd","ifn","2017-09-10 14:33:59.686654","2017-11-08 08:18:03.663178",f
343,"thr","ksh","2017-09-19 07:24:00.70644","2017-11-08 08:18:00.674667",f
344,"thr","buz","2017-09-19 07:24:00.715087","2017-11-08 08:18:00.684692",f
350,"mhd","adu","2017-09-19 07:24:00.760411","2017-11-08 08:18:00.721617",f
356,"syz","buz","2017-09-19 07:24:00.816693","2017-11-08 08:18:00.808364",f
361,"ifn","gbt","2017-09-19 07:24:00.855022","2017-11-08 08:18:00.853163",f
367,"awz","ksh","2017-09-19 07:24:00.91168","2017-11-08 08:18:00.89482",f
373,"tbz","gbt","2017-09-19 07:24:00.963711","2017-11-08 08:18:00.935852",f
378,"bnd","adu","2017-09-19 07:24:01.00011","2017-11-08 08:18:00.970952",f
384,"rzr","buz","2017-09-19 07:24:01.074428","2017-11-08 08:18:01.026871",f
390,"ras","adu","2017-09-19 07:24:01.115255","2017-11-08 08:18:01.069338",f
395,"sry","ksh","2017-09-19 07:24:01.16078","2017-11-08 08:18:01.105983",f
3,"thr","syz","2017-07-31 06:22:39.290831","2017-11-08 08:18:01.146928",f
9,"mhd","kih","2017-07-31 06:22:39.290831","2017-11-08 08:18:01.190565",f
14,"mhd","awz","2017-07-31 06:22:39.290831","2017-11-08 08:18:01.224709",f
20,"kih","abd","2017-07-31 06:22:39.290831","2017-11-08 08:18:01.287406",f
26,"syz","tbz","2017-07-31 06:22:39.290831","2017-11-08 08:18:01.346426",f
31,"ifn","kih","2017-07-31 06:22:39.290831","2017-11-08 08:18:01.384376",f
37,"tbz","mhd","2017-07-31 06:22:39.290831","2017-11-08 08:18:01.43041",f
43,"abd","thr","2017-07-31 06:22:39.290831","2017-11-08 08:18:01.468871",f
48,"abd","tbz","2017-07-31 06:22:39.290831","2017-11-08 08:18:01.517737",f
54,"awz","ifn","2017-07-31 06:22:39.290831","2017-11-08 08:18:01.560108",f
402,"gsm","adu","2017-09-19 07:24:01.223883","2017-11-08 08:18:01.611347",f
407,"azd","ksh","2017-09-19 07:24:01.267522","2017-11-08 08:18:01.652578",f
413,"ksh","kih","2017-09-19 07:24:01.298154","2017-11-08 08:18:01.695408",f
419,"ksh","bnd","2017-09-19 07:24:01.333956","2017-11-08 08:18:01.737681",f
423,"ksh","zah","2017-09-19 07:24:01.363425","2017-11-08 08:18:01.761229",f
424,"ksh","sry","2017-09-19 07:24:01.369215","2017-11-08 08:18:01.767307",f
430,"ksh","adu","2017-09-19 07:24:01.403711","2017-11-08 08:18:01.804332",f
436,"buz","abd","2017-09-19 07:24:01.43885","2017-11-08 08:18:01.844842",f
441,"buz","rzr","2017-09-19 07:24:01.465661","2017-11-08 08:18:01.881366",f
447,"buz","azd","2017-09-19 07:24:01.495439","2017-11-08 08:18:01.922853",f
453,"gbt","kih","2017-09-19 07:24:01.524478","2017-11-08 08:18:01.960916",f
94,"thr","zbr","2017-09-10 14:33:57.909551","2017-11-08 08:18:01.994286",f
100,"thr","gsm","2017-09-10 14:33:57.944506","2017-11-08 08:18:02.03788",f
106,"mhd","ras","2017-09-10 14:33:57.982179","2017-11-08 08:18:02.078786",f
111,"mhd","ker","2017-09-10 14:33:58.017469","2017-11-08 08:18:02.114885",f
117,"kih","zah","2017-09-10 14:33:58.067948","2017-11-08 08:18:02.161211",f
123,"syz","bnd","2017-09-10 14:33:58.100283","2017-11-08 08:18:02.203829",f
128,"syz","sry","2017-09-10 14:33:58.127281","2017-11-08 08:18:02.232745",f
134,"ifn","zbr","2017-09-10 14:33:58.167012","2017-11-08 08:18:02.295357",f
140,"ifn","gsm","2017-09-10 14:33:58.207655","2017-11-08 08:18:02.338329",f
145,"abd","rzr","2017-09-10 14:33:58.251462","2017-11-08 08:18:02.376147",f
151,"abd","ker","2017-09-10 14:33:58.284742","2017-11-08 08:18:02.414481",f
157,"awz","zah","2017-09-10 14:33:58.334573","2017-11-08 08:18:02.450447",f
162,"awz","azd","2017-09-10 14:33:58.367483","2017-11-08 08:18:02.480672",f
168,"tbz","sry","2017-09-10 14:33:58.415858","2017-11-08 08:18:02.529676",f
174,"bnd","mhd","2017-09-10 14:33:58.452042","2017-11-08 08:18:02.574294",f
179,"bnd","awz","2017-09-10 14:33:58.484828","2017-11-08 08:18:02.612449",f
185,"bnd","sry","2017-09-10 14:33:58.516185","2017-11-08 08:18:02.673868",f
191,"zbr","mhd","2017-09-10 14:33:58.547909","2017-11-08 08:18:02.713335",f
195,"zbr","abd","2017-09-10 14:33:58.593381","2017-11-08 08:18:02.736895",f
196,"zbr","awz","2017-09-10 14:33:58.612524","2017-11-08 08:18:02.743891",f
202,"zbr","sry","2017-09-10 14:33:58.736029","2017-11-08 08:18:02.787875",f
208,"rzr","mhd","2017-09-10 14:33:58.834195","2017-11-08 08:18:02.827321",f
213,"rzr","awz","2017-09-10 14:33:58.86767","2017-11-08 08:18:02.858757",f
219,"rzr","sry","2017-09-10 14:33:58.907395","2017-11-08 08:18:02.895675",f
225,"ras","mhd","2017-09-10 14:33:58.95065","2017-11-08 08:18:02.932378",f
230,"ras","awz","2017-09-10 14:33:58.979312","2017-11-08 08:18:02.967467",f
236,"ras","sry","2017-09-10 14:33:59.013925","2017-11-08 08:18:03.005775",f
332,"azd","awz","2017-09-10 14:33:59.696195","2017-11-08 08:18:03.6828",f
334,"azd","bnd","2017-09-10 14:33:59.706887","2017-11-08 08:18:03.699643",f
335,"azd","zbr","2017-09-10 14:33:59.711243","2017-11-08 08:18:03.708233",f
336,"azd","rzr","2017-09-10 14:33:59.716093","2017-11-08 08:18:03.715455",f
337,"azd","ras","2017-09-10 14:33:59.720563","2017-11-08 08:18:03.722006",f
338,"azd","zah","2017-09-10 14:33:59.724936","2017-11-08 08:18:03.728539",f
340,"azd","pgu","2017-09-10 14:33:59.735008","2017-11-08 08:18:03.742041",f
341,"azd","gsm","2017-09-10 14:33:59.739922","2017-11-08 08:18:03.755547",f
342,"azd","ker","2017-09-10 14:33:59.744435","2017-11-08 08:18:03.764237",f
457,"gbt","awz","2017-09-19 07:24:01.544726","2017-11-08 08:18:03.771961",f
459,"gbt","bnd","2017-09-19 07:24:01.556037","2017-11-08 08:18:03.782796",f
460,"gbt","zbr","2017-09-19 07:24:01.56149","2017-11-08 08:18:03.788222",f
461,"gbt","rzr","2017-09-19 07:24:01.566759","2017-11-08 08:18:03.794647",f
462,"gbt","ras","2017-09-19 07:24:01.572956","2017-11-08 08:18:03.802048",f
463,"gbt","zah","2017-09-19 07:24:01.57887","2017-11-08 08:18:03.808987",f
465,"gbt","gsm","2017-09-19 07:24:01.591045","2017-11-08 08:18:03.820976",f
466,"gbt","ker","2017-09-19 07:24:01.596526","2017-11-08 08:18:03.826973",f
467,"gbt","azd","2017-09-19 07:24:01.613081","2017-11-08 08:18:03.838762",f
468,"gbt","ksh","2017-09-19 07:24:01.628271","2017-11-08 08:18:03.847594",f
469,"gbt","buz","2017-09-19 07:24:01.636382","2017-11-08 08:18:03.8547",f
471,"adu","thr","2017-09-19 07:24:01.649511","2017-11-08 08:18:03.871534",f
472,"adu","mhd","2017-09-19 07:24:01.65441","2017-11-08 08:18:03.87775",f
473,"adu","kih","2017-09-19 07:24:01.660985","2017-11-08 08:18:03.884261",f
474,"adu","syz","2017-09-19 07:24:01.666082","2017-11-08 08:18:03.891269",f
476,"adu","abd","2017-09-19 07:24:01.676395","2017-11-08 08:18:03.905589",f
477,"adu","awz","2017-09-19 07:24:01.680889","2017-11-08 08:18:03.911448",f
478,"adu","tbz","2017-09-19 07:24:01.685442","2017-11-08 08:18:03.924358",f
479,"adu","bnd","2017-09-19 07:24:01.690341","2017-11-08 08:18:03.934844",f
480,"adu","zbr","2017-09-19 07:24:01.694871","2017-11-08 08:18:03.943922",f
482,"adu","ras","2017-09-19 07:24:01.704692","2017-11-08 08:18:03.956353",f
483,"adu","zah","2017-09-19 07:24:01.709808","2017-11-08 08:18:03.963285",f
484,"adu","sry","2017-09-19 07:24:01.714279","2017-11-08 08:18:03.971449",f
485,"adu","gsm","2017-09-19 07:24:01.718625","2017-11-08 08:18:03.976581",f
486,"adu","ker","2017-09-19 07:24:01.723492","2017-11-08 08:18:03.982291",f
488,"adu","ksh","2017-09-19 07:24:01.735433","2017-11-08 08:18:03.99379",f
489,"adu","buz","2017-09-19 07:24:01.741101","2017-11-08 08:18:04.002011",f
490,"adu","gbt","2017-09-19 07:24:01.74634","2017-11-08 08:18:04.008651",f
491,"thr","hdm","2017-11-05 08:25:14.807872","2017-11-08 08:18:04.014968",f
493,"mhd","ajk","2017-11-07 20:31:33.204488","2017-11-08 08:18:04.025618",f
494,"mhd","qhk","2017-11-07 20:31:33.278141","2017-11-08 08:18:04.032124",f
495,"mhd","xbj","2017-11-07 20:31:34.039403","2017-11-08 08:18:04.04018",f
496,"ajk","mhd","2017-11-07 20:31:34.768208","2017-11-08 08:18:04.045414",f
497,"hdm","mhd","2017-11-07 20:31:34.824868","2017-11-08 08:18:04.051401",f
499,"xbj","mhd","2017-11-07 20:31:35.790986","2017-11-08 08:18:04.063114",f
500,"thr","omh","2017-11-07 20:31:49.303674","2017-11-08 08:18:04.07232",f
501,"thr","yes","2017-11-07 20:31:49.746179","2017-11-08 08:18:04.087589",f
502,"thr","gch","2017-11-07 20:31:49.794958","2017-11-08 08:18:04.095474",f
503,"thr","afz","2017-11-07 20:31:50.022806","2017-11-08 08:18:04.104653",f
505,"thr","xbj","2017-11-07 20:31:50.505205","2017-11-08 08:18:04.119258",f
506,"thr","qhk","2017-11-07 20:31:50.767546","2017-11-08 08:18:04.126538",f
507,"omh","thr","2017-11-07 20:31:51.27641","2017-11-08 08:18:04.136519",f
508,"afz","thr","2017-11-07 20:31:51.339216","2017-11-08 08:18:04.143187",f
510,"yes","thr","2017-11-07 20:31:52.102032","2017-11-08 08:18:04.155591",f
511,"xbj","thr","2017-11-07 20:31:52.275875","2017-11-08 08:18:04.16312",f
512,"jyr","thr","2017-11-07 20:31:52.441949","2017-11-08 08:18:04.172076",f
513,"qhk","thr","2017-11-07 20:31:52.987001","2017-11-08 08:18:04.178446",f
242,"zah","mhd","2017-09-10 14:33:59.066051","2017-11-08 08:18:03.047402",f
247,"zah","awz","2017-09-10 14:33:59.152929","2017-11-08 08:18:03.07704",f
253,"zah","sry","2017-09-10 14:33:59.199445","2017-11-08 08:18:03.114589",f
259,"sry","mhd","2017-09-10 14:33:59.250887","2017-11-08 08:18:03.165167",f
264,"sry","awz","2017-09-10 14:33:59.294254","2017-11-08 08:18:03.209562",f
270,"sry","zah","2017-09-10 14:33:59.344972","2017-11-08 08:18:03.255309",f
276,"pgu","mhd","2017-09-10 14:33:59.375572","2017-11-08 08:18:03.293394",f
281,"pgu","awz","2017-09-10 14:33:59.404881","2017-11-08 08:18:03.323861",f
287,"pgu","zah","2017-09-10 14:33:59.432428","2017-11-08 08:18:03.362172",f
293,"gsm","mhd","2017-09-10 14:33:59.467026","2017-11-08 08:18:03.402199",f
298,"gsm","awz","2017-09-10 14:33:59.495139","2017-11-08 08:18:03.438397",f
304,"gsm","zah","2017-09-10 14:33:59.521985","2017-11-08 08:18:03.482132",f
310,"ker","mhd","2017-09-10 14:33:59.549426","2017-11-08 08:18:03.522212",f
315,"ker","awz","2017-09-10 14:33:59.576826","2017-11-08 08:18:03.552866",f
321,"ker","zah","2017-09-10 14:33:59.627885","2017-11-08 08:18:03.589725",f
327,"azd","mhd","2017-09-10 14:33:59.672361","2017-11-08 08:18:03.631444",f
331,"azd","abd","2017-09-10 14:33:59.691196","2017-11-08 08:18:03.672223",f
333,"azd","tbz","2017-09-10 14:33:59.701606","2017-11-08 08:18:03.692163",f
339,"azd","sry","2017-09-10 14:33:59.730025","2017-11-08 08:18:03.736061",f
458,"gbt","tbz","2017-09-19 07:24:01.550319","2017-11-08 08:18:03.777326",f
464,"gbt","sry","2017-09-19 07:24:01.585015","2017-11-08 08:18:03.815307",f
470,"gbt","adu","2017-09-19 07:24:01.643679","2017-11-08 08:18:03.863459",f
475,"adu","ifn","2017-09-19 07:24:01.671206","2017-11-08 08:18:03.898353",f
481,"adu","rzr","2017-09-19 07:24:01.699701","2017-11-08 08:18:03.950278",f
487,"adu","azd","2017-09-19 07:24:01.728909","2017-11-08 08:18:03.987918",f
492,"mhd","hdm","2017-11-05 09:24:03.770063","2017-11-08 08:18:04.020234",f
498,"qhk","mhd","2017-11-07 20:31:34.862365","2017-11-08 08:18:04.056845",f
504,"thr","jyr","2017-11-07 20:31:50.103967","2017-11-08 08:18:04.111867",f
509,"gch","thr","2017-11-07 20:31:52.082877","2017-11-08 08:18:04.149506",f
515,"mhd","jwn","2017-11-08 08:41:06.437295","2017-11-08 08:41:06.437295",f
516,"jwn","mhd","2017-11-08 08:41:08.087115","2017-11-08 08:41:08.087115",f
517,"thr","lon","2017-11-08 09:24:08.450873","2017-11-08 09:24:08.450873",t
518,"thr","knr","2017-11-08 09:28:35.979946","2017-11-08 09:28:35.979946",f
519,"thr","lax","2017-11-08 09:42:43.193249","2017-11-08 09:42:43.193249",t
520,"mhd","omh","2017-11-08 20:31:15.034291","2017-11-08 20:31:15.034291",f
521,"omh","mhd","2017-11-08 20:31:17.013733","2017-11-08 20:31:17.013733",f
522,"lfm","bnd","2017-11-09 19:52:03.33855","2017-11-09 19:52:03.33855",f
523,"thr","akw","2017-11-09 19:52:14.101819","2017-11-09 19:52:14.101819",f
524,"thr","bjb","2017-11-09 19:52:14.225765","2017-11-09 19:52:14.225765",f
525,"akw","thr","2017-11-09 19:52:16.034997","2017-11-09 19:52:16.034997",f
526,"bjb","thr","2017-11-09 19:52:16.115486","2017-11-09 19:52:16.115486",f
527,"thr","ist","2017-11-11 07:32:13.814597","2017-11-11 07:32:13.814597",t
528,"thr","khy","2017-11-11 08:31:49.154432","2017-11-11 08:31:49.154432",f
529,"thr","tcx","2017-11-11 08:31:50.731042","2017-11-11 08:31:50.731042",f
530,"khy","thr","2017-11-11 08:31:52.091819","2017-11-11 08:31:52.091819",f
531,"tcx","thr","2017-11-11 08:31:53.420916","2017-11-11 08:31:53.420916",f
532,"thr","dxb","2017-11-11 11:05:30.337962","2017-11-11 11:05:30.337962",t
533,"syz","lfm","2017-11-13 08:40:50.555629","2017-11-13 08:40:50.555629",f
534,"lfm","syz","2017-11-13 08:40:51.374332","2017-11-13 08:40:51.374332",f
535,"thr","nyc","2017-11-13 10:49:44.001059","2017-11-13 10:49:44.001059",t
